loss	val_loss	mse	val_mse	model_type	num_residuals	num_filters	kernel_size	kernel_padding	input_activation	output_activation	dropout_input_hidden	dropout_residual_residual	dropout_hidden_output	L1_trade_off	L2_trade_off	max_norm	optimizer	learning_rate	batch_size	batch_norm_before_activation	alpha
30.42392921447754	14.226916313171387	24.824541091918945	12.804808616638184	CNN_sep	2	96	5	valid	relu	linear	0.0	0.30000000000000004	0.2	1.595190795281101e-06	2.595538877358555e-06	100.0	Adam	0.004482281607490014	48	0	100.0
36.33530807495117	30.856409072875977	29.34617042541504	20.636707305908203	CNN_sep	3	112	5	valid	relu	linear	0.05	0.1	0.1	1.0326924825582971e-06	8.565254533370713e-06	100.0	Adam	0.00042752423380151535	40	1	100.0
44.72201156616211	44.06011199951172	48.10237121582031	33.575923919677734	CNN	2	76	3	valid	relu	linear	0.0	0.5	0.1	5.510250428050544e-06	0.00856063404463603	100.0	Adam	0.0013774307036805427	64	0	100.0
58.34166717529297	47.59669876098633	41.30378341674805	32.414852142333984	CNN	3	104	5	valid	relu	linear	0.05	0.5	0.4	0.00042053244131479915	1.8316724512203126e-05	100.0	Adam	0.0008452851320154317	36	0	100.0
65.7799301147461	48.59157943725586	48.06833267211914	31.51300621032715	CNN	2	104	5	valid	relu	linear	0.0	0.0	0.4	2.3120026776939507e-06	0.004532337200518411	100.0	Adam	0.0010507016430075337	72	1	100.0
50.31990432739258	49.62818145751953	100.55268096923828	35.40435028076172	CNN_sep	4	76	5	valid	relu	linear	0.0	0.0	0.0	1e-07	1e-07	30.0	Adam	0.001	64	1	100.0
61.813255310058594	51.396244049072266	40.357887268066406	31.410598754882812	CNN_sep	3	88	3	valid	relu	linear	0.05	0.4	0.0	3.33655914367058e-05	0.014599254841872238	100.0	Adam	0.0020377120284149845	72	1	100.0
62.754390716552734	53.16570281982422	263.4869689941406	38.7867546081543	CNN_sep	3	64	3	valid	relu	linear	0.0	0.0	0.0	1e-07	1e-07	30.0	Adam	0.001	64	1	100.0
58.427791595458984	53.90322494506836	225.77392578125	40.979469299316406	CNN_sep	4	40	3	valid	relu	linear	0.0	0.0	0.0	1e-07	1e-07	30.0	Adam	0.001	64	1	100.0
69.60107421875	54.69350814819336	46.74281692504883	35.186012268066406	CNN	2	88	3	valid	relu	linear	0.05	0.0	0.5	0.0008059341070591605	0.0028182945460592593	100.0	Adam	0.005737668868809639	60	0	100.0
44.375831604003906	55.80625534057617	46.00503921508789	33.1851692199707	CNN_sep	4	64	7	valid	relu	linear	0.0	0.0	0.0	1e-07	1e-07	30.0	Adam	0.001	64	1	100.0
52.22457504272461	56.72376251220703	51.592002868652344	33.11798858642578	CNN_sep	3	56	5	valid	relu	linear	0.0	0.0	0.0	1e-07	1e-07	30.0	Adam	0.001	64	1	100.0
43.956180572509766	59.39281463623047	116.47509002685547	41.35600662231445	CNN_sep	3	68	5	valid	relu	linear	0.0	0.0	0.0	1e-07	1e-07	30.0	Adam	0.001	64	1	100.0
57.53684997558594	60.2796516418457	51.766700744628906	44.463436126708984	CNN_sep	3	40	5	valid	relu	linear	0.0	0.0	0.0	1e-07	1e-07	30.0	Adam	0.001	64	1	100.0
37.20089340209961	63.92905044555664	45.51405715942383	35.96543502807617	CNN_sep	4	56	5	valid	relu	linear	0.0	0.0	0.0	1e-07	1e-07	30.0	Adam	0.001	64	1	100.0
65.24921417236328	71.57809448242188	84.96952056884766	53.065887451171875	CNN_sep	3	48	3	valid	relu	linear	0.0	0.0	0.0	1e-07	1e-07	30.0	Adam	0.001	64	1	100.0
71.067626953125	71.89820098876953	187.58091735839844	48.99410629272461	CNN_sep	4	24	3	valid	relu	linear	0.0	0.0	0.0	1e-07	1e-07	30.0	Adam	0.001	64	1	100.0
70.0790786743164	73.29608917236328	83.05028533935547	56.03647232055664	CNN	3	80	5	valid	relu	linear	0.0	0.0	0.0	1e-07	1e-07	30.0	Adam	0.001	64	1	100.0
45.90119934082031	73.97540283203125	47.494873046875	38.86134719848633	CNN_sep	3	64	5	valid	relu	linear	0.0	0.0	0.0	1e-07	1e-07	30.0	Adam	0.001	64	1	100.0
75.93184661865234	75.64832305908203	126.05863189697266	56.52737045288086	CNN_sep	2	60	5	valid	relu	linear	0.0	0.0	0.0	1e-07	1e-07	30.0	Adam	0.001	64	1	100.0
86.46810913085938	76.20272827148438	62.254371643066406	57.700443267822266	CNN	4	72	5	valid	relu	linear	0.0	0.0	0.0	1e-07	1e-07	30.0	Adam	0.001	64	1	100.0
87.47746276855469	77.04013061523438	37.97455596923828	32.25230026245117	CNN	3	120	3	valid	relu	linear	0.0	0.0	0.2	3.142868679261735e-07	0.030662996490092142	100.0	Adam	0.0005846455470767981	56	1	100.0
80.35397338867188	77.90184783935547	112.36302185058594	64.97279357910156	CNN	2	68	5	valid	relu	linear	0.0	0.0	0.0	1e-07	1e-07	30.0	Adam	0.001	64	1	100.0
75.49432373046875	78.69913482666016	88.72112274169922	64.55706024169922	CNN	4	68	5	valid	relu	linear	0.0	0.0	0.0	1e-07	1e-07	30.0	Adam	0.001	64	1	100.0
79.8986587524414	80.42843627929688	83.6865463256836	65.62755584716797	CNN	2	56	3	valid	relu	linear	0.0	0.0	0.0	1e-07	1e-07	30.0	Adam	0.001	64	1	100.0
89.14527130126953	80.66435241699219	95.4617919921875	59.120887756347656	CNN	3	68	5	valid	relu	linear	0.0	0.0	0.0	1e-07	1e-07	30.0	Adam	0.001	64	1	100.0
98.64808654785156	80.73176574707031	123.97431945800781	64.14568328857422	CNN	4	64	5	valid	relu	linear	0.0	0.0	0.0	1e-07	1e-07	30.0	Adam	0.001	64	1	100.0
96.90267944335938	81.69945526123047	91.51103973388672	70.88423919677734	CNN_sep	4	24	5	valid	relu	linear	0.0	0.0	0.0	1e-07	1e-07	30.0	Adam	0.001	64	1	100.0
83.83916473388672	82.16348266601562	127.1548080444336	70.35832977294922	CNN_sep	3	44	5	valid	relu	linear	0.0	0.0	0.0	1e-07	1e-07	30.0	Adam	0.001	64	1	100.0
87.95679473876953	82.30504608154297	100.2000732421875	63.58445358276367	CNN	3	56	5	valid	relu	linear	0.0	0.0	0.0	1e-07	1e-07	30.0	Adam	0.001	64	1	100.0
38.051822662353516	82.59674072265625	40.61777114868164	38.91200256347656	CNN_sep	3	76	5	valid	relu	linear	0.0	0.0	0.0	1e-07	1e-07	30.0	Adam	0.001	64	1	100.0
88.93035888671875	83.29444122314453	142.47378540039062	67.74185943603516	CNN	3	48	3	valid	relu	linear	0.0	0.0	0.0	1e-07	1e-07	30.0	Adam	0.001	64	1	100.0
89.22469329833984	83.64994049072266	79.70721435546875	69.27381896972656	CNN	5	80	7	valid	relu	linear	0.0	0.0	0.0	1e-07	1e-07	30.0	Adam	0.001	64	1	100.0
83.20390319824219	84.0912094116211	94.46361541748047	69.22332763671875	CNN	2	72	3	valid	relu	linear	0.0	0.0	0.0	1e-07	1e-07	30.0	Adam	0.001	64	1	100.0
58.68172073364258	86.68046569824219	51.74748992919922	45.557106018066406	CNN_sep	2	32	5	valid	relu	linear	0.0	0.0	0.0	1e-07	1e-07	30.0	Adam	0.001	64	1	100.0
81.44387817382812	87.30201721191406	191.39894104003906	66.36164093017578	CNN_sep	1	44	5	valid	relu	linear	0.0	N/A	0.0	1e-07	1e-07	30.0	Adam	0.001	64	1	100.0
86.81070709228516	87.54857635498047	121.01570892333984	68.34407806396484	CNN	4	48	5	valid	relu	linear	0.0	0.0	0.0	1e-07	1e-07	30.0	Adam	0.001	64	1	100.0
45.43754577636719	89.0761489868164	41.63357925415039	43.63783645629883	CNN	3	104	3	valid	relu	linear	0.05	0.1	0.4	4.4040994765875534e-07	2.5009211637076345e-06	100.0	Adam	0.000807314872200373	44	0	100.0
88.07999420166016	91.84619140625	91.00653076171875	67.56790924072266	CNN	4	60	5	valid	relu	linear	0.0	0.0	0.0	1e-07	1e-07	30.0	Adam	0.001	64	1	100.0
103.6898193359375	94.57832336425781	54.829833984375	44.8103141784668	CNN	2	104	5	valid	relu	linear	0.05	0.1	0.30000000000000004	0.0013312082957522397	0.0005172211093054019	100.0	Adam	0.00632161088105593	68	1	100.0
81.66718292236328	94.62018585205078	223.83944702148438	70.61837768554688	CNN_sep	1	60	5	valid	relu	linear	0.0	N/A	0.0	1e-07	1e-07	30.0	Adam	0.001	64	1	100.0
124.3821029663086	101.78424072265625	115.5007553100586	85.66252136230469	CNN_sep	1	112	3	valid	relu	linear	0.05	N/A	0.4	1.662383997883101e-05	0.00853657824429965	100.0	Adam	0.0008709114459205577	80	1	100.0
97.58727264404297	103.89427947998047	83.89533233642578	80.96345520019531	CNN	2	44	5	valid	relu	linear	0.0	0.0	0.0	1e-07	1e-07	30.0	Adam	0.001	64	1	100.0
121.25346374511719	108.06018829345703	95.38471984863281	71.2524642944336	CNN	3	124	5	valid	relu	linear	0.1	0.2	0.5	1.1408840309062385e-06	2.313989901797199e-05	100.0	Adam	0.00873899552125969	48	0	100.0
110.03015899658203	113.36112976074219	94.86644744873047	94.62835693359375	CNN	3	64	7	valid	relu	linear	0.0	0.0	0.0	1e-07	1e-07	30.0	Adam	0.001	64	1	100.0
125.85465240478516	113.6695327758789	99.12799072265625	95.26483917236328	CNN	4	60	7	valid	relu	linear	0.0	0.0	0.0	1e-07	1e-07	30.0	Adam	0.001	64	1	100.0
123.18092346191406	114.99237060546875	177.1934814453125	92.13410186767578	CNN	1	72	5	valid	relu	linear	0.0	N/A	0.0	1e-07	1e-07	30.0	Adam	0.001	64	1	100.0
72.49124908447266	116.36046600341797	78.2281265258789	100.3827133178711	CNN_sep	2	104	5	valid	relu	linear	0.1	0.30000000000000004	0.1	3.6747477963799635e-05	1.4855309520748109e-06	100.0	Adam	0.0003696573294509683	64	1	100.0
91.33649444580078	117.05428314208984	197.314453125	67.6744155883789	CNN_sep	1	44	7	valid	relu	linear	0.0	N/A	0.0	1e-07	1e-07	30.0	Adam	0.001	64	1	100.0
133.02232360839844	117.70459747314453	117.79013061523438	87.37753295898438	CNN_sep	1	96	3	valid	relu	linear	0.05	N/A	0.0	4.991921105595548e-06	0.009920429392087827	100.0	Adam	0.0004476505694074481	48	1	100.0
112.11007690429688	118.0910873413086	42.87484359741211	43.73731994628906	CNN	3	104	5	valid	relu	linear	0.0	0.5	0.2	0.017440873605127274	4.4173150272728506e-07	100.0	Adam	0.007047684831067186	72	1	100.0
93.38790130615234	119.09923553466797	80.01737976074219	62.834739685058594	CNN	3	72	5	valid	relu	linear	0.05	0.0	0.2	0.00010860915354049888	0.00010342365631253207	100.0	Adam	0.000796858979799674	68	1	100.0
115.93887329101562	120.90968322753906	109.96263122558594	95.5576171875	CNN	1	48	7	valid	relu	linear	0.0	N/A	0.0	1e-07	1e-07	30.0	Adam	0.001	64	1	100.0
122.1712875366211	121.09406280517578	153.8168487548828	97.24244689941406	CNN	1	60	5	valid	relu	linear	0.0	N/A	0.0	1e-07	1e-07	30.0	Adam	0.001	64	1	100.0
99.5914306640625	122.19664764404297	53.24618148803711	48.76198196411133	CNN_sep	2	88	5	valid	relu	linear	0.05	0.1	0.4	0.0010518366146336647	0.000304785032162394	100.0	Adam	0.0006220149885116935	76	1	100.0
133.0334930419922	123.06875610351562	110.67472839355469	100.6423110961914	CNN	3	36	5	valid	relu	linear	0.0	0.0	0.0	1e-07	1e-07	30.0	Adam	0.001	64	1	100.0
91.94725036621094	125.22144317626953	69.9087142944336	75.43856811523438	CNN_sep	2	88	3	valid	relu	linear	0.1	0.1	0.5	0.0013776809769897862	0.0049757889328715665	100.0	Adam	0.0016467220069997504	44	0	100.0
57.949405670166016	127.49285125732422	60.66229248046875	61.00422286987305	CNN_sep	4	28	5	valid	relu	linear	0.0	0.0	0.0	1e-07	1e-07	30.0	Adam	0.001	64	1	100.0
92.09557342529297	132.33494567871094	78.50101470947266	58.01439666748047	CNN	2	64	3	valid	relu	linear	0.05	0.1	0.4	4.0210098520686255e-07	5.452699067666174e-05	100.0	Adam	0.0009949106476447895	40	1	100.0
72.84165954589844	136.20579528808594	64.50714874267578	87.35655212402344	CNN_sep	3	64	5	valid	relu	linear	0.15000000000000002	0.30000000000000004	0.30000000000000004	2.336694533169605e-07	3.507404476832521e-05	100.0	Adam	0.0027685063107409256	36	1	100.0
141.27780151367188	136.64585876464844	140.86573791503906	111.63111114501953	CNN	3	48	7	valid	relu	linear	0.0	0.0	0.0	1e-07	1e-07	30.0	Adam	0.001	64	1	100.0
154.31214904785156	136.65736389160156	124.2744369506836	109.28355407714844	CNN	2	32	5	valid	relu	linear	0.0	0.0	0.0	1e-07	1e-07	30.0	Adam	0.001	64	1	100.0
130.71829223632812	137.8180694580078	58.93587875366211	53.006195068359375	CNN_sep	2	108	3	valid	relu	linear	0.05	0.4	0.30000000000000004	0.018473461568888624	0.03705347021294464	100.0	Adam	0.0066132414908173336	76	0	100.0
108.61309051513672	139.93365478515625	84.6247787475586	116.74983978271484	CNN	3	68	5	valid	relu	linear	0.1	0.1	0.1	4.7248475587762746e-07	1.9179243314447636e-07	100.0	Adam	0.0006638030700909088	44	0	100.0
116.20629119873047	141.74868774414062	108.14911651611328	102.96116638183594	CNN_sep	4	20	5	valid	relu	linear	0.0	0.0	0.0	1e-07	1e-07	30.0	Adam	0.001	64	1	100.0
81.17993927001953	143.68406677246094	142.2470245361328	102.74378204345703	CNN_sep	1	56	5	valid	relu	linear	0.0	N/A	0.0	1e-07	1e-07	30.0	Adam	0.001	64	1	100.0
154.7412872314453	157.37193298339844	58.726356506347656	44.44793701171875	CNN_sep	2	104	5	valid	relu	linear	0.05	0.0	0.2	0.0070441309547220905	5.9499098507243e-05	100.0	Adam	0.0007776554202493605	68	0	100.0
159.4999542236328	162.91456604003906	356.9252624511719	122.54100799560547	CNN	3	40	7	valid	relu	linear	0.0	0.0	0.0	1e-07	1e-07	30.0	Adam	0.001	64	1	100.0
161.61676025390625	163.86170959472656	257.1795959472656	141.83670043945312	CNN_sep	1	16	3	valid	relu	linear	0.0	N/A	0.0	1e-07	1e-07	30.0	Adam	0.001	64	1	100.0
87.10538482666016	166.65408325195312	133.60617065429688	72.60907745361328	CNN_sep	1	40	3	valid	relu	linear	0.0	N/A	0.0	1e-07	1e-07	30.0	Adam	0.001	64	1	100.0
170.48281860351562	167.06240844726562	94.22486114501953	81.64173889160156	CNN_sep	2	112	5	valid	relu	linear	0.05	0.0	0.0	0.004182024761973021	0.0959414225624605	100.0	Adam	0.003254918674884524	40	0	100.0
193.15867614746094	174.53128051757812	125.89309692382812	113.8821792602539	CNN_sep	1	124	3	valid	relu	linear	0.05	N/A	0.2	0.00034215432410224185	0.11179149061139156	100.0	Adam	0.0010741159331353685	60	0	100.0
158.885009765625	177.81932067871094	40.587955474853516	49.13859558105469	CNN_sep	2	72	5	valid	relu	linear	0.0	0.0	0.2	6.947471115902948e-05	0.19302220886923263	100.0	Adam	0.0007063125250861504	64	1	100.0
205.4273681640625	182.21612548828125	142.0811004638672	110.34337615966797	CNN	1	92	5	valid	relu	linear	0.05	N/A	0.5	0.009554196627440965	1.0798581841993458e-06	100.0	Adam	0.0021059431968100052	64	1	100.0
136.53012084960938	183.96234130859375	128.8979949951172	147.3555450439453	CNN_sep	2	84	3	valid	relu	linear	0.05	0.5	0.4	1.3183158453494028e-07	1.2721371688653407e-06	100.0	Adam	0.00018853141785023228	44	1	100.0
186.83749389648438	184.31829833984375	176.7003936767578	161.99990844726562	CNN	1	92	5	valid	relu	linear	0.0	N/A	0.30000000000000004	0.0020490818123346326	6.153778733975911e-05	100.0	Adam	0.00020262375993324754	36	0	100.0
87.40402221679688	190.85443115234375	63.90265655517578	100.15374755859375	CNN	2	80	5	valid	relu	linear	0.1	0.0	0.2	1.785085103751181e-07	0.01073140261123231	100.0	Adam	0.0017562390771271468	72	0	100.0
129.357177734375	194.47340393066406	117.93232727050781	108.32051849365234	CNN_sep	1	124	5	valid	relu	linear	0.1	N/A	0.30000000000000004	4.6074570683343657e-07	0.0005730360613320723	100.0	Adam	0.0007459622916446641	56	1	100.0
166.37448120117188	194.90859985351562	125.19427490234375	149.0524139404297	CNN	2	124	5	valid	relu	linear	0.15000000000000002	0.2	0.30000000000000004	0.00014283516760386184	1.4315780734664705e-06	100.0	Adam	0.009415565762164683	52	0	100.0
197.81768798828125	196.71392822265625	133.33349609375	144.7264404296875	CNN_sep	2	100	3	valid	relu	linear	0.1	0.2	0.4	5.184521191406401e-07	0.5459067739449953	100.0	Adam	0.007492827027725915	32	1	100.0
187.4358673095703	203.5406494140625	153.4379425048828	124.65644836425781	CNN	1	104	5	valid	relu	linear	0.1	N/A	0.0	9.179021887347848e-05	0.0002586078030904094	100.0	Adam	0.000612907505867388	32	0	100.0
84.14828491210938	204.10653686523438	61.35747146606445	65.40083312988281	CNN	2	124	3	valid	relu	linear	0.05	0.0	0.1	1.4347229272078763e-06	0.018942581710940466	100.0	Adam	0.0004442309549872177	52	0	100.0
133.6466064453125	206.71412658691406	93.502197265625	119.14199829101562	CNN_sep	2	76	3	valid	relu	linear	0.1	0.4	0.2	5.4305623569039174e-05	0.05238472541657199	100.0	Adam	0.006353382081785807	64	1	100.0
118.60799407958984	208.50306701660156	93.34541320800781	188.2395782470703	CNN	3	80	5	valid	relu	linear	0.15000000000000002	0.2	0.30000000000000004	9.785966729658097e-07	1.1576687313026865e-05	100.0	Adam	0.0031924455976021747	60	0	100.0
101.78662872314453	227.40988159179688	58.124107360839844	185.5264434814453	CNN	3	124	5	valid	relu	linear	0.2	0.5	0.4	1.949212714571496e-05	0.00376103960194692	100.0	Adam	0.005808921978016473	56	0	100.0
167.10372924804688	229.33975219726562	130.31712341308594	184.71881103515625	CNN	2	104	5	valid	relu	linear	0.15000000000000002	0.0	0.1	1.8064374385598464e-07	0.0008466577306861747	100.0	Adam	0.008669046567763846	44	0	100.0
195.85415649414062	230.77102661132812	103.86726379394531	114.59797668457031	CNN	2	124	5	valid	relu	linear	0.1	0.1	0.1	0.0021065520657024502	0.09967580395612849	100.0	Adam	0.0006120105803329905	40	0	100.0
166.5975799560547	235.76109313964844	156.4175262451172	124.4477310180664	CNN	1	64	3	valid	relu	linear	0.05	N/A	0.2	0.0006603361997458917	1.0073523533943289e-07	100.0	Adam	0.0006265832896563035	44	0	100.0
153.93603515625	238.47988891601562	138.55677795410156	148.2099151611328	CNN	1	120	3	valid	relu	linear	0.1	N/A	0.1	1.3166101698943574e-07	1.7324893619683516e-07	100.0	Adam	0.006809374456390052	48	1	100.0
233.509033203125	241.80784606933594	322.60015869140625	203.0009002685547	CNN	3	28	7	valid	relu	linear	0.0	0.0	0.0	1e-07	1e-07	30.0	Adam	0.001	64	1	100.0
123.82872772216797	246.66061401367188	115.23200988769531	134.8271026611328	CNN	2	84	5	valid	relu	linear	0.05	0.4	0.2	1.1186130768657607e-07	0.0016131250036674533	100.0	Adam	0.0002528056459774514	36	0	100.0
151.75970458984375	246.76707458496094	81.92072296142578	108.39075469970703	CNN_sep	3	68	3	valid	relu	linear	0.1	0.2	0.0	6.997058525260087e-07	0.32534894529558206	100.0	Adam	0.00908184214732176	48	0	100.0
142.03497314453125	249.9330291748047	78.37832641601562	137.1963348388672	CNN_sep	2	92	5	valid	relu	linear	0.05	0.4	0.0	1.6537155721021588e-07	0.2840428067084621	100.0	Adam	0.0022108968049675453	36	0	100.0
201.86830139160156	253.4831085205078	69.31403350830078	67.93250274658203	CNN_sep	3	68	5	valid	relu	linear	0.0	0.0	0.5	0.002388907739393836	0.6367746948480354	100.0	Adam	0.0013759739520654657	36	0	100.0
300.1537170410156	257.05706787109375	291.25457763671875	246.3467254638672	CNN_sep	0	72	3	valid	relu	linear	0.15000000000000002	N/A	0.30000000000000004	8.198059569948832e-05	0.00015004297861668977	100.0	Adam	0.006420332714061141	48	1	100.0
112.1934814453125	262.9444580078125	106.2206039428711	142.5983428955078	CNN_sep	1	104	5	valid	relu	linear	0.1	N/A	0.5	7.223345643154214e-06	1.9449510514273482e-07	100.0	Adam	0.006283254902174296	76	0	100.0
157.26722717285156	283.26654052734375	92.72616577148438	209.72305297851562	CNN	2	100	5	valid	relu	linear	0.2	0.0	0.2	1.362526248473377e-05	0.022406193442380075	100.0	Adam	0.007765767620141046	68	0	100.0
259.6052551269531	284.263671875	137.32681274414062	106.87709045410156	CNN	1	96	5	valid	relu	linear	0.05	N/A	0.30000000000000004	0.009108142111860219	0.18161309067950968	100.0	Adam	0.0032580468282681196	72	1	100.0
265.55926513671875	288.9858703613281	94.48117065429688	81.4917984008789	CNN_sep	1	124	3	valid	relu	linear	0.05	N/A	0.2	0.14939442864008418	0.004951506292207346	100.0	Adam	0.001073168310701205	48	1	100.0
115.39161682128906	292.8920593261719	115.59908294677734	171.1396026611328	CNN_sep	3	100	5	valid	relu	linear	0.2	0.5	0.30000000000000004	0.0007165998469589498	5.383923467052059e-07	100.0	Adam	0.0055855881161241475	64	0	100.0
131.8182830810547	293.7381286621094	128.86231994628906	141.78367614746094	CNN_sep	2	124	3	valid	relu	linear	0.05	0.0	0.5	1.367113162412998e-07	2.6949416412122e-06	100.0	Adam	0.000144122155326606	48	0	100.0
156.78427124023438	302.47100830078125	100.66793060302734	140.4107666015625	CNN_sep	3	72	5	valid	relu	linear	0.15000000000000002	0.0	0.4	0.01730603168046893	3.525820954004248e-05	100.0	Adam	0.000622976896229868	44	0	100.0
147.11801147460938	305.023681640625	82.07770538330078	198.26388549804688	CNN_sep	2	72	5	valid	relu	linear	0.15000000000000002	0.1	0.2	0.013117942848909913	3.8146809695550303e-05	100.0	Adam	0.005258740203110054	68	1	100.0
246.39744567871094	305.1025085449219	103.1947250366211	152.19500732421875	CNN	1	108	5	valid	relu	linear	0.1	N/A	0.2	1.3268199825733632e-06	0.4234576545328113	100.0	Adam	0.0016557983508523372	44	0	100.0
321.13250732421875	308.6496276855469	283.4433288574219	233.55947875976562	CNN	2	104	5	valid	relu	linear	0.15000000000000002	0.0	0.1	3.13251933618262e-07	1.433386460805698e-05	100.0	Adam	0.009458325122356186	68	1	100.0
227.7791290283203	312.68438720703125	145.89547729492188	222.8991241455078	CNN_sep	1	116	3	valid	relu	linear	0.15000000000000002	N/A	0.2	0.0031698957783477025	0.0005610356647317617	100.0	Adam	0.00407014099435923	76	0	100.0
146.3700714111328	316.26409912109375	116.7117919921875	290.84014892578125	CNN	3	124	5	valid	relu	linear	0.2	0.2	0.0	5.3640589552746175e-05	2.2962032498485855e-06	100.0	Adam	0.001649014941320522	60	0	100.0
297.9720458984375	317.1634216308594	104.09275817871094	118.25516510009766	CNN	3	112	5	valid	relu	linear	0.05	0.4	0.30000000000000004	2.2422155169603037e-07	0.26294767127227614	100.0	Adam	0.000508254369808113	60	1	100.0
188.62567138671875	317.6611328125	140.56625366210938	128.16110229492188	CNN_sep	1	80	3	valid	relu	linear	0.1	N/A	0.2	0.01951252150256465	0.03397459899157143	100.0	Adam	0.005715399970673571	80	1	100.0
184.5426788330078	325.8895263671875	77.82427978515625	181.07669067382812	CNN_sep	2	104	5	valid	relu	linear	0.15000000000000002	0.30000000000000004	0.1	1.610765575176817e-06	0.05371125157700445	100.0	Adam	0.0011466013001199728	76	0	100.0
136.61891174316406	326.1766357421875	95.97669982910156	240.6077117919922	CNN_sep	2	68	3	valid	relu	linear	0.2	0.4	0.1	0.0006970236952641892	1.1679845450717083e-07	100.0	Adam	0.004015557851071057	36	0	100.0
175.2129364013672	328.34716796875	151.66717529296875	145.63742065429688	CNN	2	80	3	valid	relu	linear	0.1	0.4	0.0	1.5478074063963271e-06	2.685077902589713e-07	100.0	Adam	0.0014815390813522817	60	1	100.0
361.47039794921875	332.1358642578125	349.8604736328125	321.9400329589844	CNN_sep	3	64	3	valid	relu	linear	0.15000000000000002	0.0	0.5	2.2101352104750515e-06	1.0265786723235039e-06	100.0	Adam	0.0049406530672152634	48	1	100.0
77.63629150390625	332.7861022949219	74.64130401611328	89.48120880126953	CNN_sep	2	104	5	valid	relu	linear	0.1	0.2	0.4	5.3156584417214325e-06	4.384013103160236e-06	100.0	Adam	0.0013951421243656801	76	0	100.0
108.97309875488281	337.83624267578125	71.29499816894531	174.2990264892578	CNN_sep	2	104	5	valid	relu	linear	0.15000000000000002	0.30000000000000004	0.1	1.610765575176817e-06	0.05371125157700445	100.0	Adam	0.0011466013001199728	76	0	100.0
326.74847412109375	338.557861328125	214.9087371826172	181.60702514648438	CNN	0	68	3	valid	relu	linear	0.1	N/A	0.30000000000000004	0.04369947143031746	5.822868727028084e-06	100.0	Adam	0.008641701844600641	68	1	100.0
136.20443725585938	345.35882568359375	68.19254302978516	145.22897338867188	CNN_sep	2	92	5	valid	relu	linear	0.1	0.0	0.4	0.0017650992912135533	0.03984890293664518	100.0	Adam	0.0005159173467296483	44	1	100.0
235.97218322753906	348.7798156738281	208.48495483398438	182.5499267578125	CNN	3	120	3	valid	relu	linear	0.15000000000000002	0.2	0.5	4.2153149520035936e-07	0.0002475444739079109	100.0	Adam	0.0036331175158941273	48	1	100.0
190.5200958251953	379.23419189453125	162.57711791992188	308.07647705078125	CNN_sep	1	80	5	valid	relu	linear	0.2	N/A	0.1	0.006473052994049681	5.387742205180594e-06	100.0	Adam	0.003967246392930131	36	0	100.0
258.8921203613281	387.04669189453125	186.7146453857422	202.64639282226562	CNN	2	76	5	valid	relu	linear	0.1	0.2	0.2	0.02744715845249929	0.0005852652154341746	100.0	Adam	0.0003484786063390684	36	0	100.0
139.41075134277344	399.2051696777344	136.3789825439453	205.4517822265625	CNN_sep	3	68	5	valid	relu	linear	0.1	0.5	0.1	4.7248475587762746e-07	1.9179243314447636e-07	100.0	Adam	0.0006638030700909088	44	0	100.0
353.1922607421875	400.9694519042969	267.3680419921875	278.2708435058594	CNN_sep	2	100	3	valid	relu	linear	0.2	0.1	0.1	0.0024009549620601844	5.12823287534412e-06	100.0	Adam	0.003998242846699164	48	1	100.0
361.9314270019531	410.6653137207031	458.20074462890625	312.1690979003906	CNN	2	20	5	valid	relu	linear	0.0	0.0	0.0	1e-07	1e-07	30.0	Adam	0.001	64	1	100.0
376.5079345703125	425.86431884765625	297.4297790527344	355.1265563964844	CNN_sep	2	108	3	valid	relu	linear	0.25	0.2	0.5	0.0008497617398817601	0.006268658949855427	100.0	Adam	0.007145215432053777	44	1	100.0
403.59906005859375	427.78076171875	121.67813873291016	123.04440307617188	CNN_sep	2	64	3	valid	relu	linear	0.1	0.4	0.5	0.47796288266972536	2.2738772849398365e-06	100.0	Adam	0.006983017262485213	72	0	100.0
221.04214477539062	437.61578369140625	226.71072387695312	324.1246032714844	CNN	2	100	5	valid	relu	linear	0.15000000000000002	0.2	0.2	3.456280968238655e-05	0.005269082836214169	100.0	Adam	0.0015444781741564596	56	0	100.0
304.169921875	443.65460205078125	108.54717254638672	237.5502166748047	CNN	2	76	5	valid	relu	linear	0.15000000000000002	0.4	0.4	0.0016777136923766356	0.4186132722300974	100.0	Adam	0.0008363054140143658	44	0	100.0
197.6707763671875	450.98583984375	136.51255798339844	315.28387451171875	CNN_sep	2	116	5	valid	relu	linear	0.2	0.0	0.30000000000000004	0.0007640126328508902	0.0834691223524615	100.0	Adam	0.001968669285522499	72	0	100.0
175.2771453857422	456.0030212402344	85.48281860351562	246.92947387695312	CNN	3	100	3	valid	relu	linear	0.15000000000000002	0.0	0.5	0.008988082220622954	0.022047164673760052	100.0	Adam	0.004401341220702246	72	0	100.0
405.08331298828125	466.3394470214844	335.1876525878906	330.34625244140625	CNN	0	104	5	valid	relu	linear	0.2	N/A	0.30000000000000004	0.00015945278279170987	5.639455563799756e-05	100.0	Adam	0.008976726357510435	68	1	100.0
352.72821044921875	481.7944641113281	101.91664123535156	135.6805877685547	CNN	3	96	3	valid	relu	linear	0.05	0.0	0.2	0.28796477183951225	6.891903184339399e-07	100.0	Adam	0.0018977192017024145	32	0	100.0
238.0115966796875	489.3579406738281	206.46395874023438	225.295166015625	CNN	2	84	3	valid	relu	linear	0.15000000000000002	0.5	0.4	0.00010630186302638871	0.00027769117157656984	100.0	Adam	0.002601283675780245	56	1	100.0
312.2355041503906	489.92218017578125	252.93150329589844	321.9161376953125	CNN_sep	2	92	5	valid	relu	linear	0.05	0.0	0.2	0.0029115519418313703	2.0495858607610415e-06	100.0	Adam	0.00018524901137433573	60	0	100.0
254.24609375	493.23486328125	109.61634826660156	172.0367889404297	CNN_sep	2	100	3	valid	relu	linear	0.15000000000000002	0.2	0.4	5.958279654677518e-06	0.3290669628852938	100.0	Adam	0.004384151266566465	60	1	100.0
135.53256225585938	500.8345947265625	126.14046478271484	253.0171661376953	CNN_sep	1	100	5	valid	relu	linear	0.15000000000000002	N/A	0.30000000000000004	4.6468915400224275e-06	5.153210726025403e-07	100.0	Adam	0.0015027297638441546	36	1	100.0
69.1369857788086	502.87652587890625	64.23873901367188	98.94415283203125	CNN	2	112	3	valid	relu	linear	0.1	0.1	0.2	1.4277854353640457e-07	0.000149670514436147	100.0	Adam	0.0008320317208711181	48	0	100.0
388.5310974121094	525.2406616210938	122.55712127685547	115.02478790283203	CNN_sep	2	80	5	valid	relu	linear	0.1	0.4	0.2	0.3120293383085957	0.00023454494965610015	100.0	Adam	0.0003891847760522411	44	0	100.0
274.1413879394531	536.9356689453125	68.23845672607422	239.0496063232422	CNN_sep	2	68	3	valid	relu	linear	0.0	0.2	0.2	0.06991444016146177	0.7889878815750289	100.0	Adam	0.007297971052176017	48	0	100.0
123.09359741210938	562.6852416992188	81.56900787353516	221.31922912597656	CNN	2	112	3	valid	relu	linear	0.15000000000000002	0.2	0.2	0.0012648937172370265	0.0031830267457588005	100.0	Adam	0.007622091714975342	48	1	100.0
438.3186950683594	568.638427734375	116.45817565917969	167.5634307861328	CNN_sep	3	96	5	valid	relu	linear	0.1	0.0	0.2	0.07188882151547873	0.07395048756070229	100.0	Adam	0.008080792741293362	52	1	100.0
560.0430297851562	573.400634765625	253.65602111816406	232.8485107421875	CNN	1	92	5	valid	relu	linear	0.15000000000000002	N/A	0.30000000000000004	2.235236339723663e-06	0.7481685931141888	100.0	Adam	0.002024789717623679	36	0	100.0
158.02467346191406	573.71484375	117.20437622070312	465.6510314941406	CNN_sep	3	68	5	valid	relu	linear	0.30000000000000004	0.30000000000000004	0.1	0.0018709345731641183	5.7611454862125475e-06	100.0	Adam	0.0056759756812172725	44	0	100.0
167.34609985351562	588.9747924804688	111.05360412597656	216.7210235595703	CNN	2	104	3	valid	relu	linear	0.15000000000000002	0.30000000000000004	0.30000000000000004	0.011900448815550446	0.00011387615421549344	100.0	Adam	0.0003937228360841475	36	0	100.0
324.5798645019531	594.8861083984375	137.50096130371094	135.78614807128906	CNN	3	100	3	valid	relu	linear	0.15000000000000002	0.0	0.1	0.054814749927009465	0.002245339036180377	100.0	Adam	0.00417288235352729	64	1	100.0
86.92880249023438	596.083251953125	93.20909881591797	219.1453094482422	CNN	2	120	3	valid	relu	linear	0.15000000000000002	0.1	0.5	5.13694482306155e-06	5.448506620590594e-06	100.0	Adam	0.0015163507627744552	36	0	100.0
289.9817810058594	603.2637939453125	166.9308319091797	492.966064453125	CNN	2	128	5	valid	relu	linear	0.25	0.1	0.30000000000000004	0.019989485726637987	5.725570003846849e-07	100.0	Adam	0.003514222549445768	40	0	100.0
153.87843322753906	610.2427368164062	124.28998565673828	290.1912841796875	CNN	3	100	3	valid	relu	linear	0.2	0.1	0.5	0.000322746086727883	7.517281807697677e-05	100.0	Adam	0.00725917251583102	60	0	100.0
422.83941650390625	613.1585083007812	241.06390380859375	215.3811492919922	CNN	1	128	5	valid	relu	linear	0.15000000000000002	N/A	0.1	0.010171222679201272	0.154238555401745	100.0	Adam	0.0021498743196488607	60	1	100.0
528.6134643554688	615.056640625	178.007568359375	266.080322265625	CNN	1	68	5	valid	relu	linear	0.0	N/A	0.1	0.5037534444895713	2.094693961399077e-06	100.0	Adam	0.0005485114093661166	68	0	100.0
134.49868774414062	617.2766723632812	108.81684112548828	502.0035095214844	CNN	3	68	5	valid	relu	linear	0.25	0.0	0.1	2.6016258868378217e-05	0.001231780338747795	100.0	Adam	0.002291934920273138	60	0	100.0
377.0962829589844	621.859619140625	315.62310791015625	509.2980651855469	CNN_sep	3	116	5	valid	relu	linear	0.1	0.1	0.1	0.0005835589165717886	0.005391525365091733	100.0	Adam	0.0002100779206991463	80	1	100.0
314.9061279296875	638.2692260742188	188.83236694335938	482.31201171875	CNN	1	96	5	valid	relu	linear	0.15000000000000002	N/A	0.5	0.08830292951190832	0.0006293243654064638	100.0	Adam	0.0009629861008872285	68	0	100.0
379.759033203125	648.5745239257812	140.78904724121094	140.8532257080078	CNN	2	112	5	valid	relu	linear	0.1	0.30000000000000004	0.5	0.22901018297056433	0.0005414940606095844	100.0	Adam	0.0014281595359831628	32	1	100.0
238.851318359375	649.8768310546875	101.57087707519531	97.96527099609375	CNN_sep	3	104	3	valid	relu	linear	0.1	0.1	0.2	0.013733010472491267	2.271290548767652e-06	100.0	Adam	0.00019530131540517075	40	0	100.0
770.8643188476562	666.7646484375	723.3280639648438	618.27392578125	CNN	5	16	5	valid	relu	linear	0.0	0.0	0.0	1e-07	1e-07	30.0	Adam	0.001	64	1	100.0
140.84536743164062	673.9608154296875	104.10391235351562	566.7303466796875	CNN_sep	2	80	5	valid	relu	linear	0.25	0.0	0.0	8.540130945985989e-07	0.019560049936966955	100.0	Adam	0.00263103928490968	64	1	100.0
679.7097778320312	683.7958984375	628.0960693359375	639.0703125	CNN	2	72	3	valid	relu	linear	0.0	0.30000000000000004	0.2	9.08934624842966e-05	0.05948184138302939	100.0	Adam	0.0002936386388107422	68	0	100.0
79.34307861328125	704.4801635742188	71.38150787353516	545.009765625	CNN_sep	3	112	5	valid	relu	linear	0.30000000000000004	0.0	0.4	2.04089296335373e-06	1.2782000838848699e-05	100.0	Adam	0.0007187981375915335	44	1	100.0
638.2545776367188	705.7648315429688	415.9254455566406	444.478271484375	CNN	2	92	3	valid	relu	linear	0.05	0.30000000000000004	0.30000000000000004	0.3254423384853938	0.0004370856627930564	100.0	Adam	0.00019124468156562436	40	0	100.0
101.63369750976562	715.9298706054688	84.02030181884766	203.1378173828125	CNN_sep	2	76	3	valid	relu	linear	0.15000000000000002	0.30000000000000004	0.4	0.0010793777842209883	0.012355486397961447	100.0	Adam	0.001124997459151744	40	0	100.0
125.59135437011719	722.1842041015625	113.3226318359375	221.67800903320312	CNN	2	112	3	valid	relu	linear	0.2	0.1	0.4	2.6197168466984494e-06	1.6449226315267587e-05	100.0	Adam	0.0016017872820259641	40	1	100.0
146.42266845703125	726.9493408203125	140.67665100097656	263.6102600097656	CNN_sep	3	104	3	valid	relu	linear	0.15000000000000002	0.0	0.1	3.5152944243872147e-07	1.5170752469598755e-05	100.0	Adam	0.005256107073223718	52	0	100.0
429.09832763671875	738.1464233398438	386.77923583984375	452.6910705566406	CNN	1	88	3	valid	relu	linear	0.1	N/A	0.30000000000000004	2.443221050923442e-06	0.0001491053660713517	100.0	Adam	0.0002894648831780807	52	1	100.0
516.4952392578125	741.8558349609375	205.81039428710938	337.861083984375	CNN_sep	1	72	3	valid	relu	linear	0.2	N/A	0.4	0.45434250056420183	0.07077768804352702	100.0	Adam	0.005321251072469335	60	1	100.0
489.59906005859375	741.8973388671875	135.6511993408203	216.78466796875	CNN	2	120	3	valid	relu	linear	0.15000000000000002	0.2	0.5	0.5633664141374688	0.0005541861078356005	100.0	Adam	0.0037930472578989716	44	0	100.0
468.72705078125	753.9954223632812	100.32701110839844	299.4404296875	CNN	2	116	3	valid	relu	linear	0.1	0.0	0.2	0.15002492770707854	0.49519455679434154	100.0	Adam	0.0012988161455660002	68	0	100.0
351.3860778808594	761.5413208007812	207.13258361816406	310.4012451171875	CNN	1	116	3	valid	relu	linear	0.2	N/A	0.4	0.14378484883421597	3.4063646968616425e-07	100.0	Adam	0.005413627050197879	60	1	100.0
234.4296875	764.0853271484375	227.56761169433594	530.0175170898438	CNN	3	72	3	valid	relu	linear	0.15000000000000002	0.0	0.2	2.8300203120383543e-05	3.1620976733732875e-07	100.0	Adam	0.0017224708407553916	68	0	100.0
242.8814239501953	778.1036987304688	214.76483154296875	323.9844055175781	CNN	1	88	3	valid	relu	linear	0.25	N/A	0.30000000000000004	0.0012815808863228854	0.00017515826839815322	100.0	Adam	0.003128666297356665	40	1	100.0
268.7211608886719	785.7340698242188	163.2423553466797	433.36334228515625	CNN	3	84	5	valid	relu	linear	0.25	0.0	0.4	0.029034983500830273	0.030783714412614377	100.0	Adam	0.006912594994737515	36	1	100.0
148.13145446777344	790.52294921875	126.94624328613281	228.5749053955078	CNN	2	68	3	valid	relu	linear	0.2	0.5	0.1	1.1911714636997153e-05	0.0019593680017487	100.0	Adam	0.003072821882297506	56	1	100.0
206.93658447265625	801.310546875	180.23175048828125	419.3638000488281	CNN	2	100	3	valid	relu	linear	0.2	0.4	0.2	7.137488333237035e-07	0.0001315513458245763	100.0	Adam	0.0006190058359322792	48	1	100.0
729.7357177734375	806.8545532226562	383.5528259277344	467.43133544921875	CNN_sep	3	100	5	valid	relu	linear	0.0	0.30000000000000004	0.2	0.20720549043841652	0.0017042442379327206	100.0	Adam	0.00020320738130821307	80	0	100.0
646.1062622070312	829.9871215820312	75.16697692871094	64.98097229003906	CNN_sep	2	108	3	valid	relu	linear	0.0	0.30000000000000004	0.30000000000000004	0.08124958323224722	0.6396615066907232	100.0	Adam	0.0003256987335355508	76	1	100.0
341.7393493652344	842.24462890625	165.103515625	692.9572143554688	CNN	2	72	5	valid	relu	linear	0.30000000000000004	0.2	0.4	0.08068117223109035	0.011784466814984206	100.0	Adam	0.00046473111837957846	40	1	100.0
245.2359161376953	872.402587890625	241.07339477539062	823.6748046875	CNN_sep	2	120	3	valid	relu	linear	0.2	0.1	0.30000000000000004	1.339051142915284e-07	8.113314632314717e-05	100.0	Adam	0.00695461878420833	36	0	100.0
251.5279083251953	874.1153564453125	212.36669921875	841.7893676757812	CNN	3	92	5	valid	relu	linear	0.30000000000000004	0.2	0.4	0.00011488508970360476	1.0579684101056671e-05	100.0	Adam	0.0003587436669454839	56	0	100.0
451.05523681640625	889.7552490234375	264.5804748535156	323.3360595703125	CNN	1	68	3	valid	relu	linear	0.1	N/A	0.5	6.0582053968767806e-05	0.5298095362397239	100.0	Adam	0.0006047343855111446	68	0	100.0
471.28851318359375	903.0673828125	410.69085693359375	567.1494140625	CNN	2	84	5	valid	relu	linear	0.1	0.30000000000000004	0.1	0.0037564687614329035	1.2651068749977999e-06	100.0	Adam	0.00020366217049846844	40	0	100.0
109.48356628417969	909.1796875	89.39798736572266	289.39752197265625	CNN	2	96	3	valid	relu	linear	0.2	0.4	0.2	0.0004899996643238621	1.4834462929022444e-05	100.0	Adam	0.0013924845641382366	36	1	100.0
1091.7918701171875	929.2808837890625	566.1005859375	364.3901062011719	CNN	1	72	3	valid	relu	linear	0.15000000000000002	N/A	0.1	0.5241152672746271	0.999468618629794	100.0	Adam	0.00024406555062350837	44	0	100.0
235.58786010742188	934.415771484375	223.20562744140625	344.648193359375	CNN	2	116	3	valid	relu	linear	0.15000000000000002	0.1	0.30000000000000004	0.0011932228372898849	2.220563746029295e-07	100.0	Adam	0.0001672935437016456	32	1	100.0
564.7411499023438	941.3076782226562	117.09490203857422	447.3831787109375	CNN_sep	2	92	3	valid	relu	linear	0.1	0.30000000000000004	0.5	0.1980685332725655	0.26495388273643133	100.0	Adam	0.0019032298412693682	60	1	100.0
334.3193359375	961.0001220703125	170.75979614257812	377.49505615234375	CNN	2	108	5	valid	relu	linear	0.2	0.2	0.30000000000000004	0.036425489348525845	9.795720963393122e-06	100.0	Adam	0.0002723382805978975	40	1	100.0
821.146728515625	976.556884765625	625.6165771484375	711.0261840820312	CNN	2	104	5	valid	relu	linear	0.05	0.2	0.5	0.0002252142103586303	0.5967406138367273	100.0	Adam	0.00018274475775162833	48	0	100.0
321.6187438964844	980.1610717773438	296.27020263671875	536.9324951171875	CNN	2	88	3	valid	relu	linear	0.15000000000000002	0.4	0.30000000000000004	0.0013197872316413424	4.578740043394989e-06	100.0	Adam	0.00020025649269210183	36	0	100.0
581.3258056640625	986.468505859375	425.5517578125	668.666259765625	CNN	2	116	5	valid	relu	linear	0.2	0.4	0.30000000000000004	0.0009490708028712266	0.08047907833325321	100.0	Adam	0.0004997443410706613	52	0	100.0
193.3434600830078	986.623779296875	169.42745971679688	392.215087890625	CNN	3	128	5	valid	relu	linear	0.2	0.0	0.2	2.677487144810646e-05	0.005160845354874649	100.0	Adam	0.0003647863570162414	72	1	100.0
358.5404052734375	987.5460205078125	326.24822998046875	879.1145629882812	CNN	3	96	3	valid	relu	linear	0.25	0.30000000000000004	0.2	8.6045116387077e-05	6.961566680247682e-05	100.0	Adam	0.003974209356331356	44	0	100.0
308.6326904296875	989.8132934570312	136.564208984375	446.4642028808594	CNN	2	124	5	valid	relu	linear	0.2	0.1	0.30000000000000004	0.0185208857441604	0.012751320133302012	100.0	Adam	0.0014535479654780757	64	1	100.0
990.8941650390625	993.7666015625	963.6926879882812	931.8411865234375	CNN_sep	1	64	3	valid	relu	linear	0.0	N/A	0.0	1e-07	1e-07	100.0	Adam	0.0001	32	1	100.0
546.242919921875	994.8740234375	187.24905395507812	622.35546875	CNN_sep	2	96	5	valid	relu	linear	0.30000000000000004	0.30000000000000004	0.2	0.35454821468334435	0.000273862079325523	100.0	Adam	0.0006628340069463782	40	0	100.0
1041.5709228515625	1009.8331909179688	1003.4461059570312	1000.4689331054688	CNN_sep	1	64	3	valid	relu	linear	0.0	N/A	0.0	1e-07	1e-07	100.0	Adam	0.0001	32	1	100.0
1004.357666015625	1031.0020751953125	937.0528564453125	979.2706909179688	CNN_sep	1	64	3	valid	relu	linear	0.0	N/A	0.0	1e-07	1e-07	100.0	Adam	0.0001	32	1	100.0
314.0841369628906	1031.69287109375	290.9950256347656	530.3233642578125	CNN	1	68	3	valid	relu	linear	0.30000000000000004	N/A	0.30000000000000004	1.3373411357456866e-07	7.812312837182524e-06	100.0	Adam	0.000995957370741093	32	1	100.0
317.1755065917969	1039.7791748046875	150.23748779296875	442.42041015625	CNN	3	96	3	valid	relu	linear	0.25	0.1	0.1	0.09782519762408873	0.014580514375530209	100.0	Adam	0.004241854984801585	64	1	100.0
1040.9267578125	1043.465087890625	1036.6917724609375	941.44189453125	CNN_sep	1	64	3	valid	relu	linear	0.0	N/A	0.0	1e-07	1e-07	100.0	Adam	0.0001	32	1	100.0
1092.5069580078125	1058.890380859375	1029.6142578125	1031.4307861328125	CNN_sep	1	64	3	valid	relu	linear	0.0	N/A	0.0	1e-07	1e-07	100.0	Adam	0.0001	32	1	100.0
1107.6114501953125	1061.8690185546875	1094.7911376953125	1013.9982299804688	CNN_sep	1	64	3	valid	relu	linear	0.0	N/A	0.0	1e-07	1e-07	100.0	Adam	0.0001	32	1	100.0
428.3388366699219	1062.421142578125	165.20680236816406	621.3661499023438	CNN_sep	2	92	5	valid	relu	linear	0.25	0.30000000000000004	0.30000000000000004	0.0984003041748505	0.08409630930929797	100.0	Adam	0.0002469315956883544	48	1	100.0
467.39862060546875	1064.235107421875	451.6430969238281	633.173583984375	CNN_sep	2	68	5	valid	relu	linear	0.1	0.5	0.30000000000000004	1.8787304188201368e-07	6.4162613355187915e-06	100.0	Adam	0.00017953551141880843	48	1	100.0
704.0556640625	1064.8155517578125	536.0145263671875	725.5177612304688	CNN	2	96	5	valid	relu	linear	0.1	0.5	0.2	0.08844562834994393	0.0010545894823637825	100.0	Adam	0.0003190483519213392	60	0	100.0
92.38736724853516	1087.1402587890625	82.6835708618164	159.33132934570312	CNN_sep	2	64	5	valid	relu	linear	0.15000000000000002	0.0	0.1	0.00017395162222464116	1.1149307284461562e-06	100.0	Adam	0.0019003838058425906	56	0	100.0
1010.4080810546875	1089.5634765625	194.2737274169922	282.92059326171875	CNN	2	88	5	valid	relu	linear	0.15000000000000002	0.30000000000000004	0.30000000000000004	0.525841057089233	0.0006323185085239368	100.0	Adam	0.009625945169016319	44	1	100.0
222.54302978515625	1096.8363037109375	149.33670043945312	533.1085815429688	CNN	2	108	3	valid	relu	linear	0.25	0.5	0.1	0.015748926837779422	2.1773141563476558e-06	100.0	Adam	0.0003596258892348532	44	0	100.0
267.9994201660156	1120.6170654296875	176.23768615722656	361.50433349609375	CNN	2	108	3	valid	relu	linear	0.2	0.5	0.30000000000000004	0.004779374208788867	0.008440186801304645	100.0	Adam	0.0002726004495711467	32	1	100.0
985.7911987304688	1127.4365234375	930.0850830078125	745.4345703125	CNN_sep	2	108	3	valid	relu	linear	0.30000000000000004	0.30000000000000004	0.30000000000000004	2.539181199015653e-06	2.1149234442763353e-07	100.0	Adam	0.003402167358619979	76	1	100.0
327.7231140136719	1146.871826171875	155.02134704589844	506.0318908691406	CNN	2	104	5	valid	relu	linear	0.25	0.30000000000000004	0.0	0.026984741272619767	0.08608431161055419	100.0	Adam	0.0006784006182531716	60	1	100.0
615.0579223632812	1158.9912109375	572.4924926757812	882.1990356445312	CNN	3	76	5	valid	relu	linear	0.1	0.0	0.4	0.0008318445338789997	2.829679114009019e-05	100.0	Adam	0.00023719127670472298	52	0	100.0
393.1259765625	1172.73681640625	186.61260986328125	694.2655029296875	CNN_sep	3	120	5	valid	relu	linear	0.30000000000000004	0.5	0.0	3.439424386164889e-07	0.6876141556837689	100.0	Adam	0.0016102851161552349	72	1	100.0
1066.6513671875	1177.6680908203125	1060.188720703125	1027.950927734375	CNN_sep	1	64	3	valid	relu	linear	0.0	N/A	0.0	1e-07	1e-07	100.0	Adam	0.0001	32	1	100.0
1238.7440185546875	1182.6734619140625	1234.3017578125	1142.653564453125	CNN_sep	1	64	3	valid	relu	linear	0.0	N/A	0.0	1e-07	1e-07	100.0	Adam	0.0001	32	1	100.0
1111.185791015625	1193.560546875	1096.4140625	1063.5751953125	CNN_sep	1	64	3	valid	relu	linear	0.0	N/A	0.0	1e-07	1e-07	100.0	Adam	0.0001	32	1	100.0
264.21197509765625	1219.976318359375	244.44882202148438	385.4208984375	CNN	0	96	5	valid	relu	linear	0.15000000000000002	N/A	0.5	8.419010007963337e-05	0.00641568719055953	100.0	Adam	0.00034185379844118896	36	0	100.0
1124.942626953125	1259.114013671875	1062.906982421875	990.66015625	CNN_sep	1	64	3	valid	relu	linear	0.0	N/A	0.0	1e-07	1e-07	100.0	Adam	0.0001	32	1	100.0
1172.966064453125	1269.060302734375	1086.1195068359375	1098.6737060546875	CNN_sep	1	64	3	valid	relu	linear	0.0	N/A	0.0	1e-07	1e-07	100.0	Adam	0.0001	32	1	100.0
174.41664123535156	1278.15283203125	125.95306396484375	401.2874450683594	CNN	3	112	5	valid	relu	linear	0.2	0.30000000000000004	0.1	0.00014171839318974678	0.014754011075064988	100.0	Adam	0.0007078536645991944	76	1	100.0
228.0172119140625	1289.1402587890625	218.28370666503906	412.60626220703125	CNN_sep	1	120	5	valid	relu	linear	0.15000000000000002	N/A	0.30000000000000004	4.848917201855494e-05	2.803451805060142e-07	100.0	Adam	0.00014589924525009173	40	1	100.0
579.4544067382812	1293.504150390625	217.11036682128906	368.2687683105469	CNN	2	84	3	valid	relu	linear	0.30000000000000004	0.0	0.2	0.4014648012363704	2.1899740465762932e-05	100.0	Adam	0.001371965035440589	44	1	100.0
608.6000366210938	1374.0679931640625	341.1014099121094	616.1342163085938	CNN	2	100	5	valid	relu	linear	0.25	0.2	0.1	0.1314689827778392	1.9081516668379748e-06	100.0	Adam	0.00021183086516208134	40	1	100.0
1292.113525390625	1392.585693359375	1168.5355224609375	1115.358154296875	CNN_sep	0	64	3	valid	relu	linear	0.0	N/A	0.0	1e-07	1e-07	100.0	Adam	0.0001	32	1	100.0
1137.5181884765625	1398.8424072265625	198.1990509033203	486.0829162597656	CNN	3	116	3	valid	relu	linear	0.2	0.2	0.4	0.966750694944307	1.5394378151878628e-05	100.0	Adam	0.0011086472951286996	64	0	100.0
1148.4166259765625	1403.8018798828125	1169.0689697265625	1134.557373046875	CNN_sep	1	64	3	valid	relu	linear	0.0	N/A	0.0	1e-07	1e-07	100.0	Adam	0.0001	32	1	100.0
222.353271484375	1424.114990234375	217.4033203125	236.6199951171875	CNN_sep	1	88	5	valid	relu	linear	0.15000000000000002	N/A	0.4	5.209261612503691e-06	5.48983861640081e-07	100.0	Adam	0.0005358526414889557	40	0	100.0
502.6473083496094	1459.7545166015625	468.9263916015625	816.5272216796875	CNN	1	64	5	valid	relu	linear	0.2	N/A	0.0	0.0005624034995688995	8.301816986712174e-05	100.0	Adam	0.00022663991362123053	36	0	100.0
236.4426727294922	1473.932373046875	185.51243591308594	370.043701171875	CNN	2	112	5	valid	relu	linear	0.2	0.0	0.2	0.0006359882313693913	3.1201861581951765e-06	100.0	Adam	0.0005236906227546035	56	1	100.0
97.27848052978516	1478.5084228515625	98.0745620727539	196.8440399169922	CNN_sep	2	104	3	valid	relu	linear	0.15000000000000002	0.0	0.1	9.333464995697692e-06	1.564916862973985e-07	100.0	Adam	0.000596563531931761	44	0	100.0
1537.1949462890625	1529.26611328125	1290.757568359375	1389.620849609375	CNN_sep	1	64	3	valid	relu	linear	0.0	N/A	0.0	1e-07	1e-07	100.0	Adam	0.0001	32	1	100.0
1003.7660522460938	1605.611328125	302.2039794921875	875.22314453125	CNN_sep	2	116	5	valid	relu	linear	0.2	0.1	0.0	0.8301492153399744	1.2843207736656956e-07	100.0	Adam	0.0002436074139531874	60	0	100.0
150.33853149414062	1637.322998046875	159.15216064453125	279.84295654296875	CNN_sep	2	112	5	valid	relu	linear	0.2	0.4	0.30000000000000004	1.0801360227536699e-06	0.0008180279236593479	100.0	Adam	0.001395388438752399	64	0	100.0
759.89453125	1655.955322265625	346.58465576171875	664.9530639648438	CNN_sep	2	104	5	valid	relu	linear	0.1	0.0	0.2	0.27729580877154314	1.8661817812309515e-06	100.0	Adam	0.0001607168503200792	56	1	100.0
1000.3165893554688	1662.2197265625	247.66305541992188	421.17901611328125	CNN_sep	3	116	5	valid	relu	linear	0.2	0.4	0.4	0.21062667411119718	0.0009663528768940514	100.0	Adam	0.0008452836429816165	80	1	100.0
646.3390502929688	1684.1483154296875	450.2874755859375	635.8642578125	CNN_sep	3	80	3	valid	relu	linear	0.1	0.30000000000000004	0.2	0.030228171971590577	0.30495477695358875	100.0	Adam	0.00022711317654957832	72	1	100.0
582.3900146484375	1698.2100830078125	546.345458984375	1107.8585205078125	CNN_sep	3	80	5	valid	relu	linear	0.2	0.0	0.1	3.459513479324325e-06	0.008455948362815288	100.0	Adam	0.00018840040300474622	64	1	100.0
208.32078552246094	1731.857177734375	171.60006713867188	363.2861328125	CNN_sep	2	76	3	valid	relu	linear	0.2	0.30000000000000004	0.4	0.022927896212477324	0.024549277003401985	100.0	Adam	0.0003121405045836608	64	0	100.0
713.422607421875	1777.3697509765625	650.9169311523438	1359.543212890625	CNN	3	80	5	valid	relu	linear	0.2	0.5	0.0	0.00018343669987338956	0.001096926301103164	100.0	Adam	0.00030781703327295085	72	0	100.0
1079.263427734375	1814.4429931640625	544.9260864257812	1121.6260986328125	CNN_sep	2	72	3	valid	relu	linear	0.25	0.0	0.1	0.10220956518583675	0.013504492975128296	100.0	Adam	0.0026375163257318216	76	1	100.0
378.31878662109375	1896.6839599609375	178.35595703125	305.5319519042969	CNN_sep	1	108	5	valid	relu	linear	0.15000000000000002	N/A	0.0	0.29767150087393496	0.0002290048422612671	100.0	Adam	0.0006681672318520809	48	1	100.0
877.59765625	1922.0140380859375	792.217529296875	1267.788330078125	CNN	1	72	3	valid	relu	linear	0.2	N/A	0.5	0.002837923409551004	0.015132704768149147	100.0	Adam	0.00023945398132637494	40	1	100.0
1011.7705078125	1925.1268310546875	962.0988159179688	1321.3232421875	CNN	2	88	3	valid	relu	linear	0.1	0.30000000000000004	0.4	9.051563916010703e-05	0.026700174018968292	100.0	Adam	0.00027099568345591985	76	0	100.0
296.71234130859375	1983.324462890625	241.27133178710938	982.4590454101562	CNN	2	84	5	valid	relu	linear	0.25	0.2	0.2	0.0050509561737575115	2.322009075695919e-05	100.0	Adam	0.0008067005699966024	76	0	100.0
321.6830139160156	2031.423828125	310.8367919921875	1251.6290283203125	CNN_sep	1	72	3	valid	relu	linear	0.2	N/A	0.1	1.4442644977808343e-06	1.0623332724536733e-07	100.0	Adam	0.00892879339836686	36	0	100.0
65867.3046875	2053.350341796875	7123.0029296875	2013.802490234375	CNN_sep	2	100	5	valid	relu	linear	0.30000000000000004	0.0	0.2	2.4937388986584723e-07	0.00041054494657406	100.0	Adam	0.0001154562309653233	76	0	100.0
131.35299682617188	2057.6142578125	116.16568756103516	429.18096923828125	CNN_sep	2	80	3	valid	relu	linear	0.25	0.30000000000000004	0.0	0.00024576936085593575	0.010980988414601493	100.0	Adam	0.0010603284440063184	76	0	100.0
1743.9542236328125	2094.755859375	1275.177490234375	1595.0491943359375	CNN	3	84	3	valid	relu	linear	0.05	0.0	0.2	0.5706949275215479	2.8017603637334606e-07	100.0	Adam	0.00023821647879802106	76	0	100.0
550.1708374023438	2146.952392578125	448.54742431640625	857.2528076171875	CNN	3	104	3	valid	relu	linear	0.25	0.1	0.4	1.3834464073746567e-06	0.06206147474041083	100.0	Adam	0.00031802754751204213	72	1	100.0
1633.245361328125	2166.464111328125	1441.48681640625	1914.9654541015625	CNN	1	76	3	valid	relu	linear	0.2	N/A	0.1	0.00017212332260865173	1.3890910214129536e-07	100.0	Adam	0.0002810931766336634	64	1	100.0
107.40094757080078	2229.716064453125	106.91918182373047	432.74591064453125	CNN	2	92	3	valid	relu	linear	0.25	0.2	0.1	1.9005072712675615e-07	0.0006615073324980826	100.0	Adam	0.0012095755366073504	32	0	100.0
127.74789428710938	2309.7421875	123.83262634277344	227.43809509277344	CNN_sep	2	84	3	valid	relu	linear	0.2	0.30000000000000004	0.0	4.0651771049860215e-07	9.008087718848353e-07	100.0	Adam	0.00483404618006194	52	0	100.0
553.1754150390625	2344.522705078125	553.4720458984375	1516.7080078125	CNN_sep	2	120	5	valid	relu	linear	0.30000000000000004	0.2	0.1	6.957368509440879e-06	0.0003417798989937119	100.0	Adam	0.002241233346631733	72	0	100.0
245.1644744873047	2348.710205078125	240.34092712402344	461.8050537109375	CNN_sep	1	72	3	valid	relu	linear	0.15000000000000002	N/A	0.4	3.7682430995506297e-07	1.0984122147792625e-06	100.0	Adam	0.00022513718272652676	48	1	100.0
254.71336364746094	2355.802978515625	256.07110595703125	293.0203552246094	CNN_sep	1	100	5	valid	relu	linear	0.2	N/A	0.2	1.670399908533424e-07	0.0035228677193725583	100.0	Adam	0.0004253911154930748	32	0	100.0
263.67559814453125	2404.9775390625	271.6531066894531	728.2754516601562	CNN_sep	2	68	5	valid	relu	linear	0.25	0.2	0.5	1.641051345729439e-07	0.0018677208830033454	100.0	Adam	0.00025578788592428385	36	0	100.0
152.1958465576172	2442.55322265625	98.51739501953125	508.71728515625	CNN_sep	3	100	3	valid	relu	linear	0.25	0.4	0.0	0.0037842456072952153	1.2095252803218728e-05	100.0	Adam	0.0003372778431600531	68	0	100.0
1844.5474853515625	2475.512451171875	1606.5263671875	2230.061279296875	CNN	2	76	5	valid	relu	linear	0.1	0.5	0.5	9.620380500374082e-06	0.00920379045850216	100.0	Adam	0.00016505565240271394	64	0	100.0
129.96139526367188	2558.057861328125	108.72371673583984	541.25927734375	CNN	2	116	5	valid	relu	linear	0.25	0.4	0.4	9.247480999600859e-05	7.780874487437913e-07	100.0	Adam	0.0006236722293817921	40	1	100.0
1357.3271484375	2567.059326171875	1160.36865234375	1868.774658203125	CNN	3	76	5	valid	relu	linear	0.2	0.4	0.30000000000000004	0.00024270057651159136	0.46975471951121994	100.0	Adam	0.0002253374765329313	68	0	100.0
2608.13037109375	2586.913818359375	2443.714111328125	2436.59228515625	CNN	1	120	3	valid	relu	linear	0.05	N/A	0.4	1.29142034238635e-05	1.9555868860529897e-07	100.0	Adam	0.00014880031887698727	56	1	100.0
1426.404541015625	2632.719482421875	1134.8243408203125	1635.0037841796875	CNN	2	92	5	valid	relu	linear	0.2	0.30000000000000004	0.4	0.1377836539357891	0.1414818429334746	100.0	Adam	0.0001847911824875801	44	0	100.0
2223.025390625	2674.636962890625	2100.832275390625	2225.318359375	CNN	2	120	5	valid	relu	linear	0.1	0.4	0.30000000000000004	7.006120087651232e-07	2.055159318510714e-06	100.0	Adam	0.0001916346897390569	68	1	100.0
956.6538696289062	2734.720947265625	913.9097900390625	1941.892578125	CNN	1	76	3	valid	relu	linear	0.30000000000000004	N/A	0.30000000000000004	2.4769841125421156e-06	3.412472261903469e-05	100.0	Adam	0.00034986405264649943	52	0	100.0
224.77162170410156	2756.42919921875	187.6850128173828	877.5444946289062	CNN	2	112	5	valid	relu	linear	0.30000000000000004	0.2	0.2	2.7279470063051883e-07	1.4636257308396335e-06	100.0	Adam	0.0007723686226052484	64	1	100.0
144.85394287109375	2766.200927734375	143.12319946289062	411.10614013671875	CNN_sep	3	112	3	valid	relu	linear	0.25	0.5	0.4	2.1913497066481164e-05	4.126649704271171e-07	100.0	Adam	0.0014973149657821429	68	1	100.0
2008.533935546875	2870.835693359375	1102.62158203125	1319.029296875	CNN_sep	2	116	5	valid	relu	linear	0.05	0.4	0.4	2.089380640063497e-06	0.6501466375121985	100.0	Adam	0.00012432886008862778	64	1	100.0
158.9800262451172	2880.092041015625	122.63497924804688	478.50408935546875	CNN	1	112	5	valid	relu	linear	0.25	N/A	0.2	0.00020411978188875332	0.02628752258703048	100.0	Adam	0.0007797416572730908	40	0	100.0
2965.9150390625	2896.8515625	2698.37255859375	2596.326904296875	CNN	1	84	3	valid	relu	linear	0.15000000000000002	N/A	0.4	0.022615429913737252	1.878070274058988e-05	100.0	Adam	0.00018825333795796867	52	1	100.0
1778.066162109375	2906.658447265625	138.47459411621094	639.2161865234375	CNN_sep	3	120	3	valid	relu	linear	0.25	0.4	0.4	0.07097890228547793	1.3119949986128956e-06	100.0	Adam	0.001934253641388561	64	1	100.0
2921.269287109375	3096.02587890625	2754.310791015625	2925.60302734375	CNN	1	76	3	valid	relu	linear	0.30000000000000004	N/A	0.4	1.6902071618724957e-07	1.6385702765150836e-07	100.0	Adam	0.0002758734701729805	76	1	100.0
687.0570678710938	3184.759521484375	325.7238464355469	953.2488403320312	CNN	3	112	5	valid	relu	linear	0.25	0.5	0.0	1.9439156865889247e-05	0.921274062315039	100.0	Adam	0.0002665659274706497	56	1	100.0
3307.2099609375	3215.1806640625	2070.210693359375	2093.20556640625	CNN	2	68	3	valid	relu	linear	0.0	0.30000000000000004	0.30000000000000004	0.0004048372487043717	1.1049856936583194e-06	100.0	Adam	0.00016380858201924686	72	0	100.0
66715.53125	3219.8193359375	7492.29150390625	2825.987548828125	CNN_sep	2	104	3	valid	relu	linear	0.25	0.2	0.2	0.020633140478963464	5.870059257795175e-06	100.0	Adam	0.00011159040326724652	64	0	100.0
1612.7867431640625	3249.35498046875	1597.093994140625	2407.167724609375	CNN	2	100	3	valid	relu	linear	0.2	0.0	0.4	3.459575311978662e-06	2.3966888551552713e-07	100.0	Adam	0.00013216283055562616	56	0	100.0
206.2940216064453	3261.90966796875	196.885986328125	641.3013916015625	CNN_sep	2	68	3	valid	relu	linear	0.25	0.4	0.1	0.0003589233084078194	0.0017787730440734296	100.0	Adam	0.00018576621859455473	40	0	100.0
843.0003662109375	3284.181640625	799.786376953125	2028.779541015625	CNN	2	92	5	valid	relu	linear	0.30000000000000004	0.4	0.30000000000000004	0.00021585808200425577	0.00012582898660059232	100.0	Adam	0.0002566590573584278	68	0	100.0
2884.888427734375	3500.2734375	1585.4219970703125	2528.058349609375	CNN_sep	3	76	5	valid	relu	linear	0.2	0.30000000000000004	0.0	0.4632705062516805	0.00012932939686184018	100.0	Adam	0.00011566756893183716	48	1	100.0
65839.1953125	3523.154296875	7172.18603515625	3492.919189453125	CNN_sep	3	100	3	valid	relu	linear	0.15000000000000002	0.30000000000000004	0.0	2.180670019606153e-06	3.615058498211048e-07	100.0	Adam	0.00011119886013191028	52	0	100.0
186.9439697265625	3611.6796875	183.2880859375	596.6279296875	CNN_sep	1	112	3	valid	relu	linear	0.25	N/A	0.0	1.7411755788812395e-07	3.006251624152592e-07	100.0	Adam	0.0005621105573543967	60	1	100.0
3047.381591796875	3776.59716796875	1523.7197265625	1677.2177734375	CNN_sep	1	108	3	valid	relu	linear	0.05	N/A	0.5	1.7643912955457807e-07	1.424969718368982e-05	100.0	Adam	0.0001261677614273853	72	1	100.0
4028.16259765625	3797.399169921875	2838.74658203125	3055.239501953125	CNN	2	108	3	valid	relu	linear	0.2	0.5	0.2	0.405924494111784	0.0014819608661365954	100.0	Adam	0.00018076599662988156	64	1	100.0
64437.68359375	3853.0625	7019.79443359375	3785.080078125	CNN_sep	1	88	3	valid	relu	linear	0.30000000000000004	N/A	0.1	0.00014766709232086664	0.0010931018590981706	100.0	Adam	0.001057483097998785	52	0	100.0
65942.9921875	3968.465087890625	7215.07080078125	3799.78125	CNN_sep	1	120	3	valid	relu	linear	0.25	N/A	0.2	1.1902240097182573e-06	1.1050189837243251e-06	100.0	Adam	0.0001357472243932813	36	0	100.0
3461.869384765625	4003.401123046875	3304.457275390625	3281.171875	CNN	3	92	5	valid	relu	linear	0.1	0.0	0.2	2.860124989970776e-07	3.900671278320859e-07	100.0	Adam	0.00016947547372306074	60	1	100.0
172.10804748535156	4304.0107421875	162.7921142578125	556.0872192382812	CNN_sep	2	80	3	valid	relu	linear	0.30000000000000004	0.0	0.4	0.0002333983435886255	0.0015861311461470764	100.0	Adam	0.0007090582191927241	48	0	100.0
66652.8046875	4360.00341796875	7175.39892578125	3432.280517578125	CNN_sep	3	112	3	valid	relu	linear	0.15000000000000002	0.0	0.2	0.017324627074975295	5.438464804612679e-05	100.0	Adam	0.00012311029841612426	76	0	100.0
1921.132080078125	4663.48779296875	1274.955322265625	1841.786376953125	CNN	2	120	3	valid	relu	linear	0.25	0.1	0.0	0.2746274180943626	0.24562077341569918	100.0	Adam	0.0002333905935392085	68	1	100.0
1687.2724609375	4768.70361328125	1466.1556396484375	2879.27587890625	CNN	2	116	5	valid	relu	linear	0.30000000000000004	0.1	0.1	4.498883376498395e-05	0.2517577308040439	100.0	Adam	0.0001574719921476138	68	0	100.0
1573.406494140625	4819.26513671875	1530.1644287109375	2481.155517578125	CNN	1	68	3	valid	relu	linear	0.2	N/A	0.4	0.01342998388206479	0.00010969287968591758	100.0	Adam	0.0001959642629300174	60	0	100.0
5464.51416015625	5101.7470703125	4491.04443359375	4230.9248046875	CNN	2	112	5	valid	relu	linear	0.1	0.30000000000000004	0.30000000000000004	0.015865786805453953	1.4998308376096467e-07	100.0	Adam	0.00013857469505300696	68	1	100.0
60785.2734375	5171.6513671875	6676.9365234375	5170.484375	CNN_sep	1	68	3	valid	relu	linear	0.30000000000000004	N/A	0.1	7.386546470867003e-06	9.074666685297153e-05	100.0	Adam	0.0022555445695595423	52	0	100.0
2786.242919921875	5232.52783203125	1884.2525634765625	2402.073486328125	CNN	2	92	5	valid	relu	linear	0.1	0.1	0.2	0.003545273234559892	1.2217031861879899e-06	100.0	Adam	0.0001466036900199217	68	0	100.0
2889.6865234375	5605.33154296875	1239.3388671875	1580.24755859375	CNN_sep	3	88	5	valid	relu	linear	0.1	0.30000000000000004	0.2	3.866819717998994e-06	0.0006894302564600387	100.0	Adam	0.00015833974503770003	76	0	100.0
5562.82373046875	5677.9599609375	4775.85791015625	4777.14013671875	CNN	2	88	5	valid	relu	linear	0.05	0.4	0.2	2.8051087009232674e-07	5.471245042375159e-05	100.0	Adam	0.00013281229352773549	60	1	100.0
15380.869140625	5786.2470703125	3078.564208984375	3795.9970703125	CNN_sep	2	96	3	valid	relu	linear	0.25	0.30000000000000004	0.1	0.9329597098501157	7.223345643154214e-06	100.0	Adam	0.00024174309730405136	80	1	100.0
6658.7880859375	6249.423828125	5107.46630859375	4700.80078125	CNN	2	68	5	valid	relu	linear	0.1	0.1	0.2	3.343422361033677e-07	0.15448887662474703	100.0	Adam	0.00020074958222208027	76	1	100.0
425.578369140625	6289.52490234375	420.1888732910156	1227.8836669921875	CNN_sep	1	76	3	valid	relu	linear	0.30000000000000004	N/A	0.30000000000000004	2.4769841125421156e-06	3.412472261903469e-05	100.0	Adam	0.00034986405264649943	52	0	100.0
6586.353515625	6652.4013671875	2691.25390625	2638.457763671875	CNN	3	68	5	valid	relu	linear	0.0	0.0	0.2	1.685300847546858e-05	0.00011645982777680273	100.0	Adam	0.00016279063589616825	80	0	100.0
7014.20458984375	6654.3017578125	5062.77734375	4738.7431640625	CNN	2	116	5	valid	relu	linear	0.15000000000000002	0.4	0.30000000000000004	6.833170374042277e-07	1.4865460997546715e-06	100.0	Adam	0.00012274654416148382	68	1	100.0
7409.7666015625	7416.3642578125	5219.3291015625	4794.8525390625	CNN	1	68	3	valid	relu	linear	0.1	N/A	0.0	0.0014919738759296074	0.41482833921884005	100.0	Adam	0.0001693152633727033	76	1	100.0
8678.5986328125	8021.935546875	5438.97900390625	5142.48388671875	CNN	2	88	5	valid	relu	linear	0.15000000000000002	0.1	0.0	0.022307734259275947	1.2876339755938989e-07	100.0	Adam	0.000103488022774502	52	1	100.0
66023.484375	9355.6650390625	7246.578125	4826.7236328125	CNN_sep	1	108	3	valid	relu	linear	0.25	N/A	0.2	0.0003554413372797606	1.343780932296611e-05	100.0	Adam	0.0001043995898599658	72	0	100.0
10026.8349609375	9500.9599609375	5399.3974609375	5041.4169921875	CNN	2	84	3	valid	relu	linear	0.15000000000000002	0.0	0.30000000000000004	0.013981326291475471	0.00037146293627224016	100.0	Adam	0.00012429532450866098	72	1	100.0
9581.361328125	9904.544921875	5909.64794921875	5127.853515625	CNN	2	68	3	valid	relu	linear	0.05	0.4	0.4	0.0009624494745253663	2.6977904782354015e-05	100.0	Adam	0.00013498122478935965	72	1	100.0
10207.6123046875	9999.0458984375	5400.96435546875	5033.3974609375	CNN	2	84	3	valid	relu	linear	0.25	0.4	0.4	0.3078007003365378	5.62882742719595e-05	100.0	Adam	0.00013846391040589416	76	1	100.0
23489.07421875	10683.1494140625	4011.64013671875	3158.310546875	CNN	2	68	5	valid	relu	linear	0.05	0.5	0.4	0.1907675426239611	4.3612745534460646e-05	100.0	Adam	0.0001067531261775865	52	0	100.0
6381.98193359375	18749.484375	1911.2901611328125	2788.78515625	CNN_sep	1	64	3	valid	relu	linear	0.25	N/A	0.5	8.38849450251706e-06	3.5196276215995603e-06	100.0	Adam	0.00010752557541772337	48	0	100.0
20354.1875	20421.046875	6146.90283203125	5666.6630859375	CNN	2	92	3	valid	relu	linear	0.05	0.0	0.4	0.5741968686047522	0.11924404644503775	100.0	Adam	0.00010528272865489674	76	1	100.0
66031.34375	22269.814453125	7293.751953125	5346.697265625	CNN_sep	1	96	3	valid	relu	linear	0.30000000000000004	N/A	0.1	8.506373596144128e-06	2.499519135910837e-07	100.0	Adam	0.00010549144946075422	72	0	100.0
10934.2451171875	23468.904296875	3036.673095703125	4130.4365234375	CNN	3	68	3	valid	relu	linear	0.25	0.5	0.4	9.059164098963733e-06	0.022584373265058154	100.0	Adam	0.00012705886955375676	68	0	100.0
